1,Dictum Eu Company,1-194-286-3041
2,Proin Industries,1-319-137-9279
3,Enim Sit Industries,1-562-872-9219
4,Phasellus In Corp,1-128-930-9807
5,Dolor Quam Elementum PC,1-928-801-9652
6,Nibh Lacinia Orci PC,1-332-594-5321
7,Donec Porttitor Tellus Company,1-873-991-8646
8,Ut Dolor Consulting,1-514-308-9570
9,Suspendisse Ac Metus PC,1-466-488-2655
10,Lorem Incorporated,1-778-863-7253
11,Curabitur Consequat Incorporated,1-496-807-1201
12,Non Company,1-383-777-6247
13,Enim Inc,1-441-333-2507
14,Quisque Libero Industries,1-821-364-5581
15,At Pretium Aliquet Incorporated,1-651-831-1982
16,Mi Consulting,1-358-903-2637
17,Lacus Varius LLP,1-493-938-0338
18,Nibh Dolor Foundation,1-706-129-8454
19,Risus Associates,1-657-994-6688
20,Viverra LLC,1-857-231-3877
21,Nunc Corp,1-652-403-0424
22,Praesent Luctus Curabitur Foundation,1-363-243-2228
23,Risus PC,1-110-328-3877
24,Eleifend Nunc Risus Associates,1-873-927-9209
25,Vel Convallis LLP,1-430-846-6335
26,Alphabet,1-555-555-5555